software mouseReMoCo;version 1.3.0;isWithLSL false;screenWidth 1902;screenHeight 973;centerX 951;centerY 486;autoStart 3600;cycleMaxNumber 6;cycleDuration 20;borderColor java.awt.Color[r=255,g=255,b=255];textColor java.awt.Color[r=255,g=255,b=255];backgroundColor java.awt.Color[r=0,g=0,b=0];cursorColorRecord java.awt.Color[r=255,g=0,b=0];cursorColorWait java.awt.Color[r=255,g=255,b=0];task circular;cornerX 545;cornerY 80;externalRadius 406;internalRadius 326;borderRadius 1;cursorRadius 16;indexOfDifficulty 48.86179212285402;taskRadius 365.5;taskTolerance 47
2025-12-01 23:46:50.499 +0100

timestamp,mouseX,mouseY,mouseInTarget
1764629213876,951,109,1
1764629213880,954,111,1
1764629213886,960,113,1
1764629213894,966,114,1
1764629213894,970,115,1
1764629213908,973,117,1
1764629213908,979,118,1
1764629213924,985,120,1
1764629213924,988,121,1
1764629213942,992,122,1
1764629213942,997,124,1
1764629213955,1002,125,1
1764629213955,1005,126,1
1764629213955,1010,128,1
1764629213971,1013,128,1
1764629213971,1016,129,1
1764629213988,1021,131,1
1764629213988,1025,132,1
1764629214004,1027,133,1
1764629214004,1031,133,1
1764629214004,1037,134,1
1764629214022,1041,134,1
1764629214022,1045,134,1
1764629214036,1050,135,1
1764629214036,1052,135,1
1764629214053,1054,135,1
1764629214053,1057,136,1
1764629214067,1059,136,1
1764629214067,1061,136,1
1764629214083,1063,137,1
1764629214083,1066,138,1
1764629214091,1072,139,1
1764629214102,1078,140,1
1764629214102,1082,142,1
1764629214114,1085,143,1
1764629214114,1091,145,1
1764629214130,1093,146,1
1764629214130,1096,148,1
1764629214146,1099,149,1
1764629214148,1103,151,1
1764629214148,1108,153,1
1764629214162,1112,154,1
1764629214162,1117,156,1
1764629214177,1124,159,1
1764629214177,1127,160,1
1764629214193,1132,162,1
1764629214196,1138,166,1
1764629214209,1143,168,1
1764629214209,1148,170,1
1764629214209,1153,172,1
1764629214225,1156,175,1
1764629214225,1161,177,1
1764629214244,1166,179,1
1764629214244,1170,182,1
1764629214257,1176,186,1
1764629214257,1183,192,1
1764629214273,1191,198,1
1764629214273,1198,203,1
1764629214273,1205,207,1
1764629214290,1210,211,1
1764629214290,1215,216,1
1764629214304,1221,221,1
1764629214304,1223,223,1
1764629214320,1226,227,1
1764629214320,1228,229,1
1764629214336,1233,234,1
1764629214336,1238,239,1
1764629214352,1241,243,1
1764629214374,1258,264,1
1764629214383,1263,270,1
1764629214383,1265,274,1
1764629214399,1268,277,1
1764629214399,1269,279,1
1764629214399,1271,281,1
1764629214416,1272,284,1
1764629214416,1273,286,1
1764629214431,1275,288,1
1764629214431,1276,292,1
1764629214447,1278,295,1
1764629214447,1279,298,1
1764629214463,1280,301,1
1764629214463,1281,303,1
1764629214463,1283,308,1
1764629214479,1286,314,1
1764629214479,1286,317,1
1764629214497,1287,320,1
1764629214497,1289,325,1
1764629214511,1291,332,1
1764629214511,1292,336,1
1764629214527,1293,339,1
1764629214532,1293,342,1
1764629214532,1294,347,1
1764629214547,1294,350,1
1764629214547,1294,353,1
1764629214560,1294,357,1
1764629214560,1294,362,1
1764629214577,1295,367,1
1764629214578,1295,370,1
1764629214590,1296,374,1
1764629214592,1297,379,1
1764629214605,1298,384,1
1764629214610,1299,391,1
1764629214610,1300,393,1
1764629214623,1300,396,1
1764629214623,1300,400,1
1764629214641,1301,404,1
1764629214641,1301,407,1
1764629214653,1302,410,1
1764629214653,1303,413,1
1764629214653,1303,416,1
1764629214673,1304,419,1
1764629214673,1305,422,1
1764629214687,1306,427,1
1764629214690,1307,430,1
1764629214702,1308,435,1
1764629214707,1310,441,1
1764629214716,1311,445,1
1764629214723,1311,452,1
1764629214733,1312,457,1
1764629214733,1313,460,1
1764629214733,1314,463,1
1764629214751,1314,465,1
1764629214751,1314,470,1
1764629214764,1314,477,1
1764629214764,1314,483,1
1764629214780,1314,491,1
1764629214780,1314,501,1
1764629214795,1312,512,1
1764629214795,1311,522,1
1764629214795,1309,528,1
1764629214815,1306,535,1
1764629214815,1305,542,1
1764629214831,1303,547,1
1764629214833,1301,551,1
1764629214844,1299,556,1
1764629214844,1298,559,1
1764629214859,1297,562,1
1764629214859,1297,563,1
1764629214859,1296,566,1
1764629215135,1295,572,1
1764629215143,1292,580,1
1764629215158,1290,590,1
1764629215165,1286,600,1
1764629215172,1282,610,1
1764629215176,1279,619,1
1764629215184,1276,626,1
1764629215192,1274,633,1
1764629215198,1271,638,1
1764629215206,1269,643,1
1764629215216,1268,648,1
1764629215223,1265,651,1
1764629215229,1263,656,1
1764629215245,1261,659,1
1764629215245,1259,663,1
1764629215265,1256,666,1
1764629215265,1254,670,1
1764629215277,1251,673,1
1764629215277,1248,677,1
1764629215293,1244,682,1
1764629215293,1241,686,1
1764629215293,1237,691,1
1764629215309,1234,696,1
1764629215309,1230,701,1
1764629215330,1226,705,1
1764629215335,1225,708,1
1764629215341,1222,711,1
1764629215341,1219,713,1
1764629215378,1211,721,1
1764629215384,1210,723,1
1764629215388,1206,724,1
1764629215388,1201,728,1
1764629215406,1194,732,1
1764629215406,1189,736,1
1764629215419,1182,740,1
1764629215423,1176,744,1
1764629215435,1172,748,1
1764629215439,1170,750,1
1764629215451,1166,753,1
1764629215456,1163,754,0
1764629215456,1161,756,1
1764629215466,1159,758,1
1764629215466,1157,760,1
1764629215483,1155,762,1
1764629215489,1152,764,1
1764629215499,1150,766,1
1764629215506,1148,768,1
1764629215506,1144,771,1
1764629215514,1138,775,1
1764629215514,1136,777,1
1764629215530,1133,779,1
1764629215530,1129,783,1
1764629215546,1125,787,1
1764629215546,1122,790,1
1764629215562,1120,793,1
1764629215569,1119,794,1
1764629215569,1115,797,1
1764629215578,1113,799,1
1764629215578,1111,801,1
1764629215594,1108,805,1
1764629215594,1105,807,1
1764629215612,1101,810,1
1764629215612,1095,814,1
1764629215625,1092,817,1
1764629215625,1088,819,1
1764629215641,1086,821,1
1764629215644,1082,823,1
1764629215644,1076,827,1
1764629215657,1072,829,1
1764629215657,1068,832,1
1764629215674,1064,833,1
1764629215674,1060,835,1
1764629215689,1054,838,1
1764629215689,1046,840,1
1764629215689,1039,842,1
1764629215707,1029,844,1
1764629215707,1021,846,1
1764629215721,1015,847,1
1764629215721,1010,848,1
1764629215737,1004,849,1
1764629215737,999,849,1
1764629215753,995,850,1
1764629215753,992,850,1
1764629215753,989,850,1
1764629215772,983,850,1
1764629215779,979,850,1
1764629215785,974,850,1
1764629215785,971,851,1
1764629215802,965,851,1
1764629215806,960,851,1
1764629215817,954,851,1
1764629215817,950,851,1
1764629215829,946,851,1
1764629215837,942,851,1
1764629215837,935,851,1
1764629215850,927,851,1
1764629215850,922,851,1
1764629215866,914,850,1
1764629215867,908,849,1
1764629215880,904,848,1
1764629215880,897,846,1
1764629215880,890,845,1
1764629215896,885,843,1
1764629215906,878,842,1
1764629215911,870,839,1
1764629215911,866,838,1
1764629215927,860,837,1
1764629215927,853,834,1
1764629215943,848,832,1
1764629215943,845,830,1
1764629215943,839,827,1
1764629215959,833,823,1
1764629215959,829,820,1
1764629215975,822,814,1
1764629215975,815,807,1
1764629215991,808,802,1
1764629215991,802,797,1
1764629216007,797,792,1
1764629216010,794,790,1
1764629216023,791,786,0
1764629216023,788,785,0
1764629216023,786,781,0
1764629216038,784,781,0
1764629216038,783,780,0
1764629216054,781,778,0
1764629216054,778,777,0
1764629216070,776,775,0
1764629216070,771,772,0
1764629216086,766,768,0
1764629216086,761,763,0
1764629216086,757,761,0
1764629216102,755,759,0
1764629216102,753,758,0
1764629216118,750,755,0
1764629216118,747,753,0
1764629216134,745,751,0
1764629216139,744,749,0
1764629216149,740,747,0
1764629216149,738,744,0
1764629216149,736,742,0
1764629216165,733,740,0
1764629216165,730,736,0
1764629216181,727,734,0
1764629216181,725,729,0
1764629216199,720,724,0
1764629216202,716,719,0
1764629216213,712,713,0
1764629216213,708,708,0
1764629216213,703,704,0
1764629216229,699,697,0
1764629216229,695,691,0
1764629216244,694,689,0
1764629216256,692,687,0
1764629216262,690,684,0
1764629216262,688,681,0
1764629216276,687,678,0
1764629216276,685,677,0
1764629216289,684,675,0
1764629216292,682,672,0
1764629216292,681,670,0
1764629216310,680,668,0
1764629216310,678,666,0
1764629216323,676,662,0
1764629216323,674,660,0
1764629216339,674,658,0
1764629216345,671,652,0
1764629216355,669,646,0
1764629216357,667,639,0
1764629216357,663,630,0
1764629216388,648,593,0
1764629216402,646,588,0
1764629216402,644,585,0
1764629216418,643,581,0
1764629216422,642,577,0
1764629216422,641,575,0
1764629216433,639,573,0
1764629216442,639,571,0
1764629216449,637,568,0
1764629216455,636,566,0
1764629216466,635,562,0
1764629216466,632,557,0
1764629216481,630,553,0
1764629216489,629,549,0
1764629216489,627,545,0
1764629216499,624,543,0
1764629216499,623,538,0
1764629216779,622,530,0
1764629216779,621,523,0
1764629216793,619,516,0
1764629216805,618,512,0
1764629216809,618,508,0
1764629216809,618,503,0
1764629216825,618,499,0
1764629216825,618,496,0
1764629216841,618,494,0
1764629216841,618,491,0
1764629216841,618,488,0
1764629216857,618,484,0
1764629216857,618,481,0
1764629216875,618,477,0
1764629216875,618,473,0
1764629216888,618,471,0
1764629216888,618,467,0
1764629216904,618,464,0
1764629216904,618,462,0
1764629216904,618,459,0
1764629216920,618,457,0
1764629216920,618,454,0
1764629216936,618,451,0
1764629216936,618,449,0
1764629216952,618,446,0
1764629216952,618,443,0
1764629216968,619,440,0
1764629216970,619,438,0
1764629216970,619,435,0
1764629216984,620,432,0
1764629216984,620,429,0
1764629217000,621,424,0
1764629217000,621,421,0
1764629217016,621,418,0
1764629217016,621,415,0
1764629217031,621,414,0
1764629217032,622,411,0
1764629217032,623,408,0
1764629217048,624,405,0
1764629217048,624,402,0
1764629217065,625,400,0
1764629217065,626,395,0
1764629217080,627,390,0
1764629217080,629,383,0
1764629217080,630,380,0
1764629217099,631,376,0
1764629217099,632,369,0
1764629217112,634,363,0
1764629217112,634,359,0
1764629217129,637,353,0
1764629217129,637,349,1
1764629217138,639,342,1
1764629217145,640,335,1
1764629217145,641,331,1
1764629217160,642,328,1
1764629217160,643,322,1
1764629217178,644,319,1
1764629217178,644,317,1
1764629217192,645,315,1
1764629217486,653,306,1
1764629217488,661,296,1
1764629217496,667,288,1
1764629217501,672,284,1
1764629217511,674,280,1
1764629217511,677,277,1
1764629217527,681,274,1
1764629217527,682,272,1
1764629217543,684,269,1
1764629217545,686,268,1
1764629217545,688,267,1
1764629217559,690,265,0
1764629217559,692,264,0
1764629217574,696,260,0
1764629217586,701,257,0
1764629217592,705,255,0
1764629217600,711,251,0
1764629217606,716,248,0
1764629217606,721,244,0
1764629217606,728,240,0
1764629217621,735,235,0
1764629217635,739,232,0
1764629217638,742,230,0
1764629217647,746,227,0
1764629217654,748,225,0
1764629217654,751,223,0
1764629217670,754,220,0
1764629217670,757,218,0
1764629217683,759,215,0
1764629217687,763,212,0
1764629217698,767,208,0
1764629217701,772,205,0
1764629217701,776,202,0
1764629217717,781,199,0
1764629217717,785,196,0
1764629217733,789,193,0
1764629217736,795,190,0
1764629217736,799,188,0
1764629217749,803,185,0
1764629217749,806,183,0
1764629217767,810,181,0
1764629217767,813,179,0
1764629217780,814,177,0
1764629217780,818,175,0
1764629217796,819,175,0
1764629217796,820,173,0
1764629217811,821,173,0
1764629217812,822,173,0
1764629217812,823,171,0
1764629217828,824,171,0
1764629217844,825,170,0
1764629217844,826,169,0
1764629217860,827,169,0
1764629217875,828,168,0
1764629217876,829,168,0
1764629217892,830,166,1
1764629217892,832,164,1
1764629217907,834,163,1
1764629217918,835,161,1
1764629217923,836,160,1
1764629217930,837,159,1
1764629217930,838,159,1
1764629217941,838,158,1
1764629217941,839,157,1
1764629217955,840,156,1
1764629217965,841,156,1
1764629217971,842,155,1
1764629217987,842,154,1
1764629217987,843,153,1
1764629218003,844,153,1
1764629218015,844,152,1
1764629218019,845,152,1
1764629218035,846,152,1
1764629218035,846,151,1
1764629218059,847,151,1
1764629218065,848,150,1
1764629218067,849,149,1
1764629218067,850,149,1
1764629218087,851,148,1
1764629218361,854,146,1
1764629218369,859,146,1
1764629218375,863,144,1
1764629218383,868,143,1
1764629218389,873,141,1
1764629218397,878,140,1
1764629218432,907,135,1
1764629218440,912,134,1
1764629218446,917,134,1
1764629218452,921,132,1
1764629218460,923,132,1
1764629218466,926,131,1
1764629218474,929,131,1
1764629218482,932,130,1
1764629218488,935,130,1
1764629218495,938,129,1
1764629218501,941,129,1
1764629218509,944,129,1
1764629218513,949,128,1
1764629218524,953,127,1
1764629218529,955,126,1
1764629218537,959,125,1
1764629218545,966,125,1
1764629218551,970,125,1
1764629218559,975,124,1
1764629218565,977,124,1
1764629218573,982,124,1
1764629218579,986,123,1
1764629218587,990,123,1
1764629218594,995,122,1
1764629218601,1000,122,1
1764629218608,1002,121,1
1764629218614,1005,121,1
1764629218622,1008,121,1
1764629218628,1012,121,1
1764629218636,1016,121,1
1764629218642,1022,121,1
1764629218650,1029,121,1
1764629218658,1037,121,1
1764629218664,1046,121,1
1764629218672,1054,122,1
1764629218678,1062,123,1
1764629218685,1071,124,1
1764629218693,1077,125,1
1764629218699,1082,126,1
1764629218707,1085,126,1
1764629218713,1089,127,1
1764629218721,1091,128,1
1764629218727,1095,128,1
1764629218735,1097,129,1
1764629218741,1100,131,1
1764629218749,1105,133,1
1764629218757,1112,136,1
1764629218763,1117,137,1
1764629218763,1122,139,1
1764629218763,1127,141,1
1764629218785,1130,143,1
1764629218793,1136,146,1
1764629218798,1141,149,1
1764629218806,1147,151,1
1764629218812,1151,153,1
1764629218820,1155,156,1
1764629218828,1159,159,1
1764629218834,1162,161,1
1764629218842,1165,164,1
1764629218848,1167,165,1
1764629218856,1168,166,1
1764629218862,1170,168,1
1764629218866,1172,169,1
1764629218878,1174,171,1
1764629218890,1176,172,1
1764629218890,1176,173,1
1764629218890,1178,175,1
1764629218905,1178,176,1
1764629218905,1180,178,1
1764629218921,1181,180,1
1764629218921,1183,181,1
1764629218939,1184,185,1
1764629218939,1187,189,1
1764629218953,1191,195,1
1764629218953,1195,201,1
1764629218969,1201,210,1
1764629218971,1209,221,1
1764629218971,1213,228,1
1764629218984,1218,233,1
1764629218984,1220,237,1
1764629219000,1224,242,1
1764629219000,1226,244,1
1764629219016,1227,247,1
1764629219016,1228,249,1
1764629219032,1229,252,1
1764629219032,1231,254,1
1764629219032,1232,256,1
1764629219050,1233,259,1
1764629219050,1235,262,1
1764629219067,1235,264,1
1764629219067,1238,268,1
1764629219080,1241,274,1
1764629219080,1244,281,1
1764629219096,1247,285,1
1764629219096,1250,294,1
1764629219096,1255,302,1
1764629219112,1259,310,1
1764629219112,1262,314,1
1764629219130,1265,319,1
1764629219130,1267,324,1
1764629219144,1268,326,1
1764629219144,1270,329,1
1764629219160,1271,330,1
1764629219160,1271,333,1
1764629219160,1273,336,1
1764629219176,1275,339,1
1764629219176,1275,340,1
1764629219194,1276,343,1
1764629219194,1277,348,1
1764629219208,1279,355,1
1764629219208,1280,360,1
1764629219208,1282,367,1
1764629219223,1284,381,1
1764629219223,1285,393,1
1764629219239,1287,405,1
1764629219239,1287,416,1
1764629219255,1289,423,1
1764629219255,1290,427,1
1764629219271,1291,430,1
1764629219271,1292,437,1
1764629219287,1294,441,1
1764629219287,1294,444,1
1764629219287,1295,446,1
1764629219302,1295,448,1
1764629219302,1295,449,1
1764629219320,1296,450,1
1764629219642,1296,455,1
1764629219658,1297,458,1
1764629219658,1297,462,1
1764629219658,1298,467,1
1764629219674,1298,470,1
1764629219685,1298,476,1
1764629219690,1299,480,1
1764629219690,1300,487,1
1764629219708,1300,494,1
1764629219715,1300,499,1
1764629219721,1301,502,1
1764629219721,1301,510,1
1764629219738,1301,516,1
1764629219739,1301,522,1
1764629219749,1301,528,1
1764629219753,1301,533,1
1764629219765,1301,540,1
1764629219769,1301,546,1
1764629219777,1301,550,1
1764629219785,1300,558,1
1764629219792,1300,565,1
1764629219794,1300,570,1
1764629219806,1299,578,1
1764629219808,1299,584,1
1764629219816,1299,588,1
1764629219816,1298,596,1
1764629219832,1298,600,1
1764629219842,1297,606,1
1764629219850,1296,609,1
1764629219850,1296,611,1
1764629219864,1296,613,1
1764629219870,1295,615,1
1764629219874,1294,618,1
1764629219882,1293,620,1
1764629219892,1292,622,1
1764629219900,1290,625,1
1764629219902,1289,630,1
1764629219911,1287,635,1
1764629219918,1284,641,1
1764629219927,1282,645,1
1764629219933,1279,649,1
1764629219935,1276,654,1
1764629219942,1273,660,1
1764629219942,1271,665,1
1764629219960,1268,670,1
1764629219968,1264,674,1
1764629219976,1262,677,1
1764629219982,1257,683,1
1764629219990,1252,690,1
1764629219990,1249,693,1
1764629220004,1245,698,1
1764629220013,1241,703,1
1764629220019,1237,708,1
1764629220026,1233,714,1
1764629220034,1228,717,1
1764629220040,1224,722,1
1764629220046,1221,726,1
1764629220054,1219,728,1
1764629220061,1217,730,1
1764629220067,1216,731,1
1764629220075,1213,733,1
1764629220075,1211,735,1
1764629220090,1210,737,1
1764629220096,1205,740,1
1764629220103,1203,742,1
1764629220111,1201,744,1
1764629220117,1197,746,1
1764629220124,1194,750,1
1764629220132,1192,752,1
1764629220137,1189,753,1
1764629220137,1188,755,1
1764629220154,1185,757,1
1764629220161,1182,760,1
1764629220166,1179,761,1
1764629220173,1177,764,1
1764629220179,1173,767,1
1764629220187,1170,770,1
1764629220195,1165,773,1
1764629220202,1160,775,1
1764629220202,1154,779,1
1764629220217,1148,783,1
1764629220217,1146,785,1
1764629220232,1142,788,1
1764629220237,1133,793,1
1764629220243,1127,797,1
1764629220253,1120,802,1
1764629220259,1107,810,1
1764629220259,1098,815,1
1764629220273,1090,820,1
1764629220279,1084,823,1
1764629220289,1076,827,1
1764629220291,1070,830,1
1764629220291,1066,831,1
1764629220309,1063,832,1
1764629220316,1060,833,1
1764629220322,1055,834,1
1764629220329,1052,836,1
1764629220337,1046,838,1
1764629220345,1043,839,1
1764629220349,1038,840,1
1764629220358,1033,842,1
1764629220364,1027,844,1
1764629220371,1023,845,1
1764629220379,1017,847,1
1764629220385,1011,849,1
1764629220395,1008,851,1
1764629220401,1004,851,1
1764629220407,998,854,1
1764629220415,991,855,1
1764629220443,965,858,1
1764629220451,955,858,1
1764629220457,948,858,1
1764629220464,939,858,1
1764629220472,932,858,1
1764629220478,924,858,1
1764629220484,916,858,1
1764629220492,911,858,1
1764629220500,904,858,1
1764629220507,900,858,1
1764629220511,893,858,1
1764629220520,887,857,1
1764629220527,883,855,1
1764629220535,878,854,1
1764629220537,869,850,1
1764629220547,864,848,1
1764629220555,859,845,1
1764629220563,856,843,1
1764629220570,853,841,1
1764629220577,849,838,1
1764629220584,848,837,1
1764629220590,846,836,1
1764629220598,844,834,1
1764629220604,843,833,1
1764629220612,841,831,1
1764629220618,840,830,1
1764629220626,838,827,1
1764629220629,836,826,1
1764629220638,834,824,1
1764629220646,829,821,1
1764629220654,823,816,1
1764629220661,821,814,1
1764629220669,817,810,1
1764629220676,811,806,1
1764629220684,805,802,1
1764629220690,801,799,1
1764629220697,796,795,1
1764629220703,788,789,1
1764629220705,780,784,1
1764629220717,770,777,1
1764629220721,760,770,1
1764629220732,754,766,1
1764629220739,747,760,0
1764629220747,741,756,1
1764629220752,737,753,1
1764629220760,730,748,1
1764629220766,726,745,1
1764629220770,723,742,1
1764629220780,716,736,1
1764629220785,713,732,1
1764629220796,707,727,1
1764629220798,703,723,1
1764629220798,699,720,1
1764629220818,697,717,1
1764629220818,693,713,1
1764629220828,692,712,1
1764629220838,690,710,1
1764629220843,686,706,1
1764629220853,684,703,1
1764629220859,682,700,1
1764629220867,680,698,1
1764629220874,677,692,1
1764629220879,674,689,1
1764629220888,670,683,1
1764629220891,667,678,1
1764629220902,667,675,0
1764629220909,664,669,0
1764629220916,661,663,0
1764629220923,657,657,0
1764629220930,654,652,0
1764629220934,650,645,0
1764629220939,648,638,0
1764629220950,643,630,0
1764629220958,639,620,0
1764629220966,637,613,0
1764629220970,635,606,0
1764629220978,631,595,0
1764629220988,630,587,0
1764629220988,627,573,0
1764629221000,626,564,0
1764629221008,625,554,0
1764629221014,624,542,0
1764629221022,623,534,0
1764629221029,622,522,0
1764629221036,621,514,0
1764629221038,621,501,0
1764629221050,620,491,0
1764629221052,618,485,0
1764629221058,617,480,0
1764629221319,614,471,0
1764629221326,611,461,0
1764629221335,607,450,1
1764629221342,605,439,1
1764629221348,605,429,1
1764629221356,604,417,1
1764629221366,604,407,1
1764629221372,604,397,1
1764629221380,604,389,1
1764629221388,604,383,1
1764629221396,604,377,1
1764629221404,604,373,1
1764629221420,605,370,1
1764629221426,606,367,1
1764629221457,607,359,1
1764629221461,608,356,1
1764629221467,609,353,1
1764629221475,610,350,1
1764629221481,611,344,1
1764629221489,613,339,1
1764629221497,614,334,1
1764629221503,615,329,1
1764629221511,617,326,1
1764629221517,618,322,1
1764629221525,620,318,1
1764629221531,621,315,1
1764629221538,622,312,1
1764629221544,622,310,1
1764629221552,624,309,1
1764629221559,624,307,1
1764629221566,626,305,1
1764629221574,627,304,1
1764629221579,628,302,1
1764629221588,631,299,1
1764629221595,632,297,1
1764629221601,635,293,1
1764629221607,639,290,1
1764629221616,643,282,1
1764629221624,649,276,1
1764629221628,655,269,1
1764629221637,658,264,1
1764629221644,661,262,1
1764629221650,665,257,1
1764629221659,669,253,1
1764629221664,676,247,1
1764629221672,683,239,1
1764629221680,688,234,1
1764629221686,698,224,1
1764629221692,707,215,1
1764629221700,713,209,1
1764629221708,725,199,1
1764629221714,731,191,1
1764629221722,739,186,1
1764629221729,743,183,1
1764629221735,746,181,1
1764629221743,749,178,1
1764629221749,753,176,1
1764629221757,754,174,1
1764629221765,756,173,1
1764629221771,757,172,1
1764629221779,758,170,1
1764629221785,761,168,1
1764629221790,761,167,1
1764629221799,763,165,1
1764629221807,765,161,1
1764629222102,791,151,1
1764629222110,819,141,1
1764629222117,841,136,1
1764629222123,857,132,1
1764629222132,873,128,1
1764629222139,880,127,1
1764629222147,888,126,1
1764629222153,892,125,1
1764629222161,901,123,1
1764629222169,909,122,1
1764629222175,911,122,1
1764629222181,915,121,1
1764629222189,921,120,1
1764629222195,925,119,1
1764629222203,929,118,1
1764629222211,935,117,1
1764629222217,939,116,1
1764629222224,943,116,1
1764629222232,950,115,1
1764629222238,953,115,1
1764629222245,956,115,1
1764629222253,959,115,1
1764629222260,961,115,1
1764629222267,963,115,1
1764629222273,966,115,1
1764629222281,968,115,1
1764629222289,971,116,1
1764629222294,973,116,1
1764629222303,977,118,1
1764629222309,980,118,1
1764629222316,983,119,1
1764629222320,986,120,1
1764629222330,992,121,1
1764629222338,997,123,1
1764629222344,999,123,1
1764629222353,1003,125,1
1764629222359,1009,128,1
1764629222365,1016,131,1
1764629222373,1025,137,1
1764629222379,1035,142,1
1764629222387,1046,149,1
1764629222393,1055,153,1
1764629222402,1063,157,1
1764629222408,1074,163,1
1764629222415,1081,167,1
1764629222421,1090,171,1
1764629222429,1099,175,1
1764629222458,1128,189,1
1764629222466,1134,194,1
1764629222472,1139,197,1
1764629222477,1145,201,1
1764629222485,1152,206,1
1764629222492,1163,213,1
1764629222499,1171,217,1
1764629222507,1176,220,1
1764629222513,1182,224,1
1764629222521,1191,229,1
1764629222527,1194,232,1
1764629222535,1202,237,1
1764629222543,1207,242,1
1764629222549,1211,247,1
1764629222557,1214,249,1
1764629222564,1217,254,1
1764629222570,1223,259,1
1764629222578,1227,264,1
1764629222584,1232,270,1
1764629222592,1236,274,1
1764629222599,1239,279,1
1764629222605,1245,286,1
1764629222613,1249,292,1
1764629222621,1250,295,1
1764629222623,1252,299,1
1764629222635,1255,302,1
1764629222639,1255,305,1
1764629222648,1257,310,1
1764629222655,1259,312,1
1764629222661,1260,315,1
1764629222669,1262,320,1
1764629222678,1264,325,1
1764629222684,1267,331,1
1764629222690,1270,340,1
1764629222698,1274,351,1
1764629222704,1276,358,1
1764629222712,1280,367,1
1764629222719,1282,372,1
1764629222725,1283,378,1
1764629222733,1284,384,1
1764629222735,1286,392,1
1764629222748,1287,395,1
1764629222753,1288,399,1
1764629222755,1289,403,1
1764629222765,1289,410,1
1764629222765,1290,413,1
1764629222782,1290,417,1
1764629222789,1291,425,1
1764629222796,1292,434,1
1764629222800,1292,442,1
1764629222812,1293,452,1
1764629222818,1293,462,1
1764629222824,1294,470,1
1764629222831,1294,478,1
1764629222837,1294,482,1
1764629222844,1294,486,1
1764629222851,1294,490,1
1764629222859,1294,494,1
1764629222868,1293,498,1
1764629222875,1292,505,0
1764629222882,1288,518,0
1764629222884,1280,543,0
1764629223191,1283,562,0
1764629223199,1287,583,1
1764629223206,1292,599,1
1764629223213,1294,612,1
1764629223222,1296,620,1
1764629223231,1297,625,1
1764629223238,1297,631,1
1764629223246,1297,635,1
1764629223254,1297,639,1
1764629223262,1297,643,1
1764629223269,1297,646,1
1764629223278,1297,650,1
1764629223285,1297,655,1
1764629223291,1297,660,1
1764629223301,1296,666,0
1764629223309,1294,672,0
1764629223317,1293,677,0
1764629223326,1292,684,0
1764629223339,1290,690,0
1764629223347,1289,695,0
1764629223354,1287,701,0
1764629223360,1286,704,0
1764629223367,1286,706,0
1764629223374,1285,710,0
1764629223382,1285,712,0
1764629223389,1283,714,0
1764629223396,1283,715,0
1764629223402,1281,718,0
1764629223410,1280,720,0
1764629223418,1279,722,0
1764629223424,1278,725,0
1764629223432,1276,727,0
1764629223439,1274,730,0
1764629223469,1254,753,0
1764629223475,1247,761,0
1764629223480,1241,768,0
1764629223485,1237,772,0
1764629223495,1231,777,0
1764629223502,1221,785,0
1764629223509,1215,790,0
1764629223516,1208,795,0
1764629223522,1197,802,0
1764629223531,1189,807,0
1764629223538,1181,813,0
1764629223543,1177,816,0
1764629223548,1172,817,0
1764629223554,1168,819,0
1764629223565,1162,823,0
1764629223570,1156,826,0
1764629223580,1151,827,0
1764629223586,1146,829,0
1764629223594,1140,831,0
1764629223602,1133,833,0
1764629223609,1127,835,0
1764629223616,1121,836,0
1764629223618,1117,837,1
1764629223628,1113,837,1
1764629223633,1108,838,1
1764629223641,1101,840,1
1764629223651,1094,841,1
1764629223658,1089,842,1
1764629223664,1085,843,1
1764629223668,1080,844,1
1764629223668,1075,845,1
1764629223683,1068,847,1
1764629223692,1063,849,1
1764629223699,1059,850,1
1764629223707,1052,851,1
1764629223715,1047,851,1
1764629223719,1039,852,1
1764629223729,1032,853,1
1764629223733,1028,854,1
1764629223742,1024,854,1
1764629223750,1017,854,1
1764629223757,1013,854,1
1764629223763,1008,854,1
1764629223771,996,854,1
1764629223778,989,854,1
1764629223784,982,854,1
1764629223792,973,854,1
1764629223799,966,854,1
1764629223805,961,853,1
1764629223808,954,853,1
1764629223816,948,853,1
1764629223825,942,853,1
1764629223835,935,853,1
1764629223842,929,853,1
1764629223846,920,853,1
1764629223856,911,853,1
1764629223858,905,853,1
1764629223869,897,853,1
1764629223877,883,855,1
1764629223884,868,855,1
1764629223889,859,855,1
1764629223898,851,855,1
1764629223905,841,853,1
1764629223912,830,852,1
1764629223919,825,852,1
1764629223919,817,850,1
1764629223933,811,848,1
1764629223935,804,846,1
1764629223948,794,843,0
1764629223955,783,840,0
1764629223955,774,835,0
1764629223969,766,832,0
1764629223971,758,829,0
1764629223983,738,823,0
1764629223990,727,818,0
1764629223997,715,814,0
1764629224002,710,812,0
1764629224010,708,810,0
1764629224017,707,810,0
1764629224024,706,808,0
1764629224032,705,805,0
1764629224313,699,795,0
1764629224319,692,786,0
1764629224328,686,779,0
1764629224336,682,772,0
1764629224349,677,768,0
1764629224354,671,761,0
1764629224364,666,756,0
1764629224369,663,753,0
1764629224378,658,750,0
1764629224382,656,747,0
1764629224392,653,743,0
1764629224394,651,741,0
1764629224403,649,739,0
1764629224413,646,736,0
1764629224421,645,735,0
1764629224426,643,733,0
1764629224433,642,730,0
1764629224442,640,728,0
1764629224449,637,723,0
1764629224453,635,720,0
1764629224484,618,690,0
1764629224492,614,683,0
1764629224499,610,674,0
1764629224506,605,668,0
1764629224506,601,661,0
1764629224519,597,655,0
1764629224521,595,651,0
1764629224533,593,648,0
1764629224537,592,646,0
1764629224547,589,642,0
1764629224553,588,638,0
1764629224553,585,635,0
1764629224569,583,631,0
1764629224573,583,628,0
1764629224580,580,624,0
1764629224587,577,618,0
1764629224597,575,614,0
1764629224604,575,611,0
1764629224604,572,605,0
1764629224618,570,601,0
1764629224621,568,599,0
1764629224632,568,597,0
1764629224634,567,595,0
1764629224647,566,594,0
1764629224648,566,592,0
1764629224666,565,591,0
1764629224666,565,590,0
1764629224680,564,588,0
1764629224930,559,578,0
1764629224934,554,566,0
1764629224954,547,553,0
1764629224954,541,544,0
1764629224967,537,535,0
1764629224967,534,529,0
1764629224983,532,525,0
1764629224989,531,521,0
1764629224997,530,517,0
1764629225002,528,514,0
1764629225012,527,510,0
1764629225013,526,508,0
1764629225013,525,505,0
1764629225028,524,503,0
1764629225028,524,502,0
1764629225044,523,499,0
1764629225047,522,496,0
1764629225060,521,494,0
1764629225060,520,489,0
1764629225060,518,482,0
1764629225080,516,474,0
1764629225080,514,465,0
1764629225092,513,458,0
1764629225092,510,447,0
1764629225108,508,439,0
1764629225108,507,431,0
1764629225124,506,424,0
1764629225124,505,419,0
1764629225139,505,412,0
1764629225139,505,406,0
1764629225147,505,403,0
1764629225159,505,401,0
1764629225163,505,400,0
1764629225172,505,399,0
1764629225180,505,398,0
1764629225432,510,393,0
1764629225432,518,385,0
1764629225457,525,376,0
1764629225480,542,357,0
1764629225495,545,354,0
1764629225497,549,349,0
1764629225497,552,347,0
1764629225511,555,344,0
1764629225511,557,342,0
1764629225527,559,339,0
1764629225527,560,337,0
1764629225543,561,336,0
1764629225546,563,334,0
1764629225559,564,332,0
1764629225559,566,331,0
1764629225559,568,327,0
1764629225575,570,324,0
1764629225575,572,322,0
1764629225590,575,318,0
1764629225590,579,315,0
1764629225608,581,312,0
1764629225608,584,309,0
1764629225622,585,307,0
1764629225630,586,306,0
1764629225638,588,305,0
1764629225643,589,303,0
1764629225654,590,302,0
1764629225654,592,300,0
1764629225670,594,296,0
1764629225670,597,290,0
1764629225687,602,279,0
1764629225688,607,268,0
1764629225702,608,263,0
1764629225702,610,258,0
1764629225702,611,256,0
1764629225722,613,254,0
1764629225730,613,253,0
1764629225733,613,252,0
1764629225749,613,251,0
1764629225765,614,251,0
1764629225792,614,250,0
1764629225813,615,250,0
1764629226057,629,242,0
1764629226073,640,236,0
1764629226073,650,230,0
1764629226073,655,226,0
1764629226088,658,225,0
1764629226096,663,222,0
1764629226104,666,219,0
1764629226104,670,217,0
1764629226121,673,215,1
1764629226128,675,214,1
1764629226136,678,211,1
1764629226136,680,210,1
1764629226136,684,206,1
1764629226152,688,204,1
1764629226152,690,202,1
1764629226170,692,200,1
1764629226170,697,198,1
1764629226184,698,197,1
1764629226191,701,195,1
1764629226200,704,194,1
1764629226200,707,193,1
1764629226200,713,191,1
1764629226221,721,188,1
1764629226226,727,186,1
1764629226231,734,184,1
1764629226231,745,179,1
1764629226248,753,175,1
1764629226248,759,174,1
1764629226263,768,170,1
1764629226263,773,167,1
1764629226263,778,163,1
1764629226279,783,160,1
1764629226279,785,159,1
1764629226295,787,157,1
1764629226295,788,156,1
1764629226313,788,155,1
1764629226313,789,154,1
1764629226556,805,143,1
1764629226572,828,132,1
1764629226572,848,125,1
1764629226590,860,123,1
1764629226590,870,121,1
1764629226603,878,120,1
1764629226603,884,118,1
1764629226619,890,117,1
1764629226619,899,115,1
1764629226637,907,114,1
1764629226637,915,112,1
1764629226651,923,111,1
1764629226666,930,110,1
1764629226666,938,109,1
1764629226666,944,109,1
1764629226686,948,109,1
1764629226686,952,109,1
1764629226698,955,109,1
1764629226698,959,109,1
1764629226714,961,109,1
1764629226714,964,109,1
1764629226730,967,109,1
1764629226730,970,109,1
1764629226730,973,109,1
1764629226746,977,109,1
1764629226746,981,109,1
1764629226765,988,109,1
1764629226771,995,108,1
1764629226777,1003,108,1
1764629226777,1008,108,1
1764629226793,1014,108,1
1764629226793,1017,108,1
1764629226809,1021,108,1
1764629226809,1026,109,1
1764629226809,1028,111,1
1764629226825,1031,112,1
1764629226825,1032,112,1
1764629226842,1034,114,1
1764629226842,1038,115,1
1764629226857,1041,118,1
1764629226857,1046,121,1
1764629226872,1051,125,1
1764629226876,1054,126,1
1764629226876,1056,129,1
1764629226893,1059,130,1
1764629227130,1081,136,1
1764629227130,1095,140,1
1764629227148,1106,146,1
1764629227148,1118,150,1
1764629227163,1127,156,1
1764629227177,1135,159,1
1764629227177,1141,162,1
1764629227193,1147,165,1
1764629227195,1152,168,1
1764629227209,1159,171,1
1764629227209,1166,174,1
1764629227228,1173,178,1
1764629227228,1179,181,1
1764629227241,1184,184,1
1764629227249,1187,185,1
1764629227257,1190,187,1
1764629227257,1192,189,1
1764629227257,1194,191,1
1764629227275,1196,193,1
1764629227275,1200,196,1
1764629227289,1202,198,1
1764629227289,1206,201,1
1764629227307,1209,206,1
1764629227307,1214,211,1
1764629227320,1218,216,1
1764629227329,1224,222,1
1764629227329,1228,225,1
1764629227336,1231,230,1
1764629227336,1235,239,1
1764629227352,1238,245,1
1764629227352,1241,252,1
1764629227368,1245,258,1
1764629227378,1248,265,1
1764629227384,1252,272,1
1764629227384,1258,283,1
1764629227395,1265,298,1
1764629227404,1271,309,1
1764629227404,1278,323,1
1764629227416,1285,334,1
1764629227416,1290,343,1
1764629227432,1295,350,1
1764629227432,1299,358,1
1764629227448,1303,364,1
1764629227455,1306,370,1
1764629227455,1309,375,1
1764629227467,1311,380,1
1764629227467,1313,385,1
1764629227497,1317,411,1
1764629227511,1318,416,1
1764629227516,1319,421,1
1764629227527,1319,425,1
1764629227531,1319,427,1
1764629227531,1319,428,1
1764629227545,1319,429,1
1764629227545,1319,430,1
1764629227558,1319,431,1
1764629227821,1319,433,1
1764629227821,1319,437,1
1764629227837,1319,442,1
1764629227837,1319,447,1
1764629227837,1319,455,1
1764629227853,1318,462,1
1764629227853,1317,471,1
1764629227869,1317,480,1
1764629227869,1316,488,1
1764629227885,1316,500,1
1764629227885,1315,509,1
1764629227885,1314,515,1
1764629227903,1313,522,1
1764629227911,1311,531,1
1764629227917,1311,536,1
1764629227917,1309,541,1
1764629227935,1308,548,1
1764629227935,1306,555,1
1764629227949,1304,559,1
1764629227949,1303,564,1
1764629227965,1302,570,1
1764629227965,1300,577,1
1764629227965,1297,586,1
1764629227980,1294,594,1
1764629227980,1291,601,1
1764629227997,1288,609,1
1764629227997,1283,618,1
1764629228012,1281,622,1
1764629228015,1278,627,1
1764629228027,1275,632,1
1764629228027,1274,635,1
1764629228027,1272,638,1
1764629228043,1269,642,1
1764629228043,1268,644,1
1764629228061,1266,647,1
1764629228061,1265,648,1
1764629228075,1263,651,1
1764629228077,1261,654,1
1764629228091,1258,659,1
1764629228091,1254,662,1
1764629228091,1250,668,1
1764629228107,1246,674,1
1764629228107,1244,679,1
1764629228123,1236,689,1
1764629228128,1231,699,1
1764629228139,1228,704,1
1764629228139,1225,709,1
1764629228155,1222,717,1
1764629228159,1217,725,1
1764629228159,1215,729,1
1764629228170,1213,731,1
1764629228178,1212,735,1
1764629228187,1206,744,1
1764629228187,1202,752,1
1764629228204,1194,762,1
1764629228211,1188,770,1
1764629228218,1180,777,1
1764629228223,1175,781,1
1764629228223,1170,784,1
1764629228234,1165,787,1
1764629228234,1163,787,1
1764629228249,1160,789,1
1764629228249,1157,790,1
1764629228267,1156,790,1
1764629228267,1154,791,1
1764629228281,1148,794,1
1764629228281,1145,794,1
1764629228281,1140,796,1
1764629228301,1134,797,1
1764629228311,1125,801,1
1764629228312,1114,804,1
1764629228312,1109,806,1
1764629228329,1108,807,1
1764629228329,1099,807,1
1764629228345,1092,807,1
1764629228351,1085,807,1
1764629228361,1081,807,1
1764629228365,1076,807,1
1764629228365,1073,807,1
1764629228377,1069,807,1
1764629228377,1066,807,0
1764629228393,1063,807,0
1764629228396,1059,807,0
1764629228409,1056,807,0
1764629228411,1051,807,0
1764629228411,1048,807,0
1764629228424,1045,807,0
1764629228424,1042,807,0
1764629228444,1039,807,0
1764629228444,1036,807,0
1764629228456,1034,807,0
1764629228456,1031,807,0
1764629228472,1028,807,0
1764629228472,1027,807,0
1764629228472,1024,807,0
1764629228504,1021,807,0
1764629228812,1018,809,0
1764629228817,1014,811,0
1764629228817,1011,813,0
1764629228833,1007,815,0
1764629228837,1005,815,0
1764629228847,1002,817,0
1764629228847,1000,818,0
1764629228847,997,819,0
1764629228867,992,820,0
1764629228867,989,822,0
1764629228881,985,823,0
1764629228881,981,823,0
1764629228895,974,825,0
1764629228895,970,827,0
1764629228911,965,829,1
1764629228911,960,830,1
1764629228911,953,832,1
1764629228930,947,834,1
1764629228930,941,835,1
1764629228942,932,837,1
1764629228942,922,839,1
1764629228958,918,840,1
1764629228958,914,841,1
1764629228974,908,841,1
1764629228977,903,841,1
1764629228977,898,843,1
1764629228990,893,843,1
1764629228990,886,843,1
1764629229006,881,843,1
1764629229006,874,844,1
1764629229022,867,844,1
1764629229022,863,844,1
1764629229038,857,844,1
1764629229043,852,844,1
1764629229043,845,844,1
1764629229058,836,843,1
1764629229058,826,842,1
1764629229070,820,841,1
1764629229070,814,841,1
1764629229086,808,840,1
1764629229086,803,839,1
1764629229102,800,839,1
1764629229102,797,838,1
1764629229110,791,836,1
1764629229122,783,835,1
1764629229122,775,834,0
1764629229133,769,832,0
1764629229133,763,831,0
1764629229150,758,831,0
1764629229150,752,829,0
1764629229165,749,828,0
1764629229165,743,826,0
1764629229165,738,825,0
1764629229181,735,824,0
1764629229181,731,822,0
1764629229199,724,820,0
1764629229199,718,818,0
1764629229212,711,816,0
1764629229212,707,815,0
1764629229228,702,812,0
1764629229228,695,808,0
1764629229228,689,804,0
1764629229244,684,800,0
1764629229244,680,796,0
1764629229265,674,790,0
1764629229265,667,782,0
1764629229277,662,776,0
1764629229277,656,768,0
1764629229292,650,758,0
1764629229292,641,741,0
1764629229292,635,731,0
1764629229308,631,719,0
1764629229308,626,710,0
1764629229326,622,701,0
1764629229326,619,692,0
1764629229339,616,685,0
1764629229339,614,679,1
1764629229355,612,671,1
1764629229355,610,665,1
1764629229355,607,656,1
1764629229371,605,646,1
1764629229371,604,638,1
1764629229390,602,630,1
1764629229390,598,620,1
1764629229403,595,612,1
1764629229409,592,603,1
1764629229420,587,595,1
1764629229708,589,560,1
1764629229708,593,531,1
1764629229723,593,512,1
1764629229723,595,499,1
1764629229743,595,488,1
1764629229746,596,477,1
1764629229755,596,469,1
1764629229760,596,459,1
1764629229772,596,447,1
1764629229772,596,433,1
1764629229787,596,422,1
1764629229787,597,407,1
1764629229805,599,394,1
1764629229805,603,378,1
1764629229820,606,365,1
1764629229826,609,352,1
1764629229836,614,341,1
1764629229842,618,332,1
1764629229852,621,322,1
1764629229859,623,315,1
1764629229867,624,309,1
1764629229867,625,305,1
1764629229883,626,301,1
1764629229899,626,299,1
1764629229899,627,297,1
1764629229916,627,296,1
1764629230178,638,278,1
1764629230194,650,259,1
1764629230202,658,249,1
1764629230210,665,241,1
1764629230214,673,234,1
1764629230226,680,229,1
1764629230226,686,224,1
1764629230241,692,219,1
1764629230241,698,215,1
1764629230257,706,208,1
1764629230263,715,202,1
1764629230263,725,194,1
1764629230278,733,189,1
1764629230278,739,184,1
1764629230292,743,180,1
1764629230292,745,178,1
1764629230305,747,176,1
1764629230325,748,176,1
1764629230342,748,175,1
1764629230342,749,175,1
1764629230634,761,170,1
1764629230650,773,163,1
1764629230658,781,159,1
1764629230664,788,155,1
1764629230675,794,151,1
1764629230680,799,148,1
1764629230680,802,146,1
1764629230696,807,143,1
1764629230696,813,139,1
1764629230708,818,138,1
1764629230712,823,136,1
1764629230712,832,131,1
1764629230727,840,129,1
1764629230727,849,126,1
1764629230743,861,124,1
1764629230743,870,123,1
1764629230759,881,122,1
1764629230759,894,122,1
1764629230759,901,121,1
1764629230775,905,121,1
1764629230775,912,121,1
1764629230791,920,121,1
1764629230791,927,121,1
1764629230807,933,121,1
1764629230807,938,121,1
1764629230823,946,122,1
1764629230823,954,124,1
1764629230823,962,125,1
1764629230839,968,127,1
1764629230839,976,128,1
1764629230855,986,130,1
1764629230855,995,132,1
1764629230871,1002,134,1
1764629230871,1009,135,1
1764629230886,1016,137,1
1764629230892,1024,139,1
1764629230892,1034,141,1
1764629230906,1044,145,1
1764629230906,1055,149,1
1764629230923,1066,153,1
1764629230929,1076,160,1
1764629230934,1088,167,1
1764629230941,1101,173,1
1764629230951,1112,178,1
1764629230951,1123,184,1
1764629230951,1134,190,1
1764629230965,1144,195,1
1764629230965,1154,200,1
1764629230984,1164,206,1
1764629230984,1177,214,1
1764629230997,1183,218,1
1764629230997,1192,225,1
1764629231013,1200,230,1
1764629231013,1205,234,1
1764629231013,1211,240,1
1764629231029,1218,245,1
1764629231029,1228,251,1
1764629231048,1237,256,1
1764629231048,1243,261,1
1764629231060,1251,266,1
1764629231060,1260,273,1
1764629231076,1265,277,1
1764629231076,1270,281,1
1764629231091,1276,286,1
1764629231094,1281,290,1
1764629231094,1285,293,1
1764629231111,1290,298,1
1764629231111,1298,304,0
1764629231127,1300,307,0
1764629231127,1303,311,0
1764629231140,1307,315,0
1764629231140,1309,319,0
1764629231156,1313,324,0
1764629231156,1316,328,0
1764629231156,1319,334,0
1764629231172,1321,341,0
1764629231172,1324,346,0
1764629231191,1326,354,0
1764629231191,1328,360,0
1764629231203,1331,366,0
1764629231203,1332,371,0
1764629231219,1334,381,0
1764629231224,1336,388,0
1764629231224,1337,396,0
1764629231235,1338,403,0
1764629231241,1339,414,0
1764629231253,1339,422,0
1764629231253,1339,427,0
1764629231268,1339,431,0
1764629231268,1339,437,0
1764629231283,1339,441,0
1764629231287,1339,443,0
1764629231287,1339,445,0
1764629231298,1339,447,0
1764629231298,1338,448,1
1764629231314,1338,449,1
1764629231314,1337,451,1
1764629231330,1337,453,1
1764629231330,1335,455,1
1764629231346,1335,457,1
1764629231352,1333,458,1
1764629231352,1333,459,1
1764629231366,1332,459,1
1764629231366,1331,460,1
1764629231377,1330,460,1
1764629231651,1330,464,1
1764629231667,1329,467,1
1764629231667,1328,470,1
1764629231683,1327,473,1
1764629231683,1327,476,1
1764629231699,1326,479,1
1764629231707,1326,485,1
1764629231715,1325,493,1
1764629231715,1322,502,1
1764629231724,1321,513,1
1764629231731,1320,523,1
1764629231741,1319,533,1
1764629231749,1316,544,1
1764629231749,1314,551,1
1764629231763,1313,559,1
1764629231769,1311,569,1
1764629231778,1308,575,1
1764629231778,1307,579,1
1764629231778,1305,585,1
1764629231798,1303,591,1
1764629231798,1300,597,1
1764629231810,1298,602,1
1764629231810,1293,611,1
1764629231828,1287,621,1
1764629231828,1279,634,1
1764629231841,1274,641,1
1764629231841,1269,647,1
1764629231841,1261,657,1
1764629231857,1252,667,1
1764629231857,1244,676,1
1764629231876,1237,683,1
1764629231876,1227,691,1
1764629231889,1217,699,0
1764629231889,1202,708,0
1764629231905,1178,720,0
1764629231905,1155,731,0
1764629231905,1143,736,0
1764629231921,1127,742,0
1764629231921,1110,749,0
1764629231936,1100,751,0
1764629231936,1094,754,0
1764629231953,1088,756,0
1764629231953,1081,759,0
1764629231968,1075,762,0
1764629231968,1068,768,0
1764629231968,1062,773,0
1764629231984,1053,778,0
1764629231984,1049,781,0
1764629232003,1043,783,0
1764629232003,1036,787,0
1764629232015,1029,789,0
1764629232015,1024,790,0
1764629232031,1019,791,0
1764629232031,1011,791,0
1764629232047,1006,791,0
1764629232053,1001,791,0
1764629232053,997,791,0
1764629232066,990,791,0
1764629232066,985,792,0
1764629232079,978,793,0
1764629232079,972,794,0
1764629232095,963,795,0
1764629232095,956,796,0
1764629232095,946,799,0
1764629232116,938,799,0
1764629232116,930,800,0
1764629232127,926,801,0
1764629232127,921,801,0
1764629232145,918,801,0
1764629232151,914,801,0
1764629232158,911,801,0
1764629232158,907,800,0
1764629232174,904,800,0
1764629232174,902,800,0
1764629232174,900,800,0
1764629232194,898,800,0
1764629232194,895,800,0
1764629232205,892,800,0
1764629232205,890,800,0
1764629232224,886,800,0
1764629232224,883,800,0
1764629232238,881,800,0
1764629232238,878,800,0
1764629232238,875,801,0
1764629232254,873,801,0
1764629232254,870,802,0
1764629232271,864,803,0
1764629232271,862,804,0
1764629232285,857,804,0
1764629232285,853,804,0
1764629232301,850,804,0
1764629232301,845,805,0
1764629232301,841,805,0
1764629232321,837,806,0
1764629232321,833,807,1
1764629232333,827,808,1
1764629232333,821,808,1
1764629232349,807,809,1
1764629232349,796,810,1
1764629232365,785,811,1
1764629232370,777,812,1
1764629232370,768,813,1
1764629232380,763,814,1
1764629232380,759,814,1
1764629232399,758,814,1
1764629232399,752,814,1
1764629232412,749,814,1
1764629232412,748,814,1
1764629232444,748,813,1
1764629232462,748,812,1
1764629232470,748,810,1
1764629232475,748,807,1
1764629232475,748,798,1
1764629232491,748,783,1
1764629232491,748,774,1
1764629232491,748,762,1
1764629232526,748,741,0
1764629232526,748,729,0
1764629232541,748,717,0
1764629232541,748,705,0
1764629232555,748,690,0
1764629232557,748,677,0
1764629232557,748,664,0
1764629232574,748,661,0
1764629232574,748,657,0
1764629232964,734,657,0
1764629232964,724,657,0
1764629232964,717,657,0
1764629232980,713,657,0
1764629232980,710,657,0
1764629233000,708,657,0
1764629233000,705,657,0
1764629233012,702,657,0
1764629233012,699,656,0
1764629233032,692,655,0
1764629233032,685,654,0
1764629233044,677,652,0
1764629233044,670,649,0
1764629233064,664,647,0
1764629233064,659,644,0
1764629233079,656,642,0
1764629233079,652,639,0
1764629233095,649,636,0
1764629233095,643,629,0
1764629233106,638,623,0
1764629233106,633,616,1
1764629233122,628,609,1
1764629233138,624,603,1
1764629233138,621,598,1
1764629233154,620,596,1
1764629233154,619,593,1
1764629233170,616,589,1
1764629233171,615,586,1
1764629233171,614,580,1
1764629233186,612,573,1
1764629233186,610,566,1
1764629233201,607,558,1
1764629233201,605,551,1
1764629233218,602,544,1
1764629233224,600,538,1
1764629233233,600,532,1
1764629233233,598,527,1
1764629233233,596,521,1
1764629233253,595,518,1
1764629233253,593,515,1
0,0,0,0
1764629233265,593,512,1
1764629233265,592,510,1
1764629233280,592,508,1
1764629233280,590,505,1
1764629233296,590,504,1
1764629233296,590,501,1
1764629233296,589,498,1
1764629233316,588,494,1
1764629233316,588,491,1
1764629233328,588,488,1
1764629233328,588,484,1
1764629233344,588,480,1
1764629233344,588,477,1
1764629233344,588,473,1
1764629233362,588,469,1
1764629233362,588,466,1
1764629233379,588,460,1
1764629233379,588,454,1
1764629233392,588,450,1
1764629233392,588,446,1
1764629233410,588,443,1
1764629233410,588,439,1
1764629233422,588,437,1
1764629233424,588,434,1
1764629233424,588,432,1
1764629233440,589,430,1
1764629233729,591,423,1
1764629233746,593,413,1
1764629233746,595,406,1
1764629233760,597,401,1
1764629233760,598,396,1
1764629233779,599,392,1
1764629233779,600,389,1
1764629233792,601,384,1
1764629233792,604,380,1
1764629233807,606,373,1
1764629233807,608,367,1
1764629233826,610,363,1
1764629233826,611,360,1
1764629233843,611,358,1
1764629233843,612,357,1
1764629233855,613,356,1
1764629233871,613,355,1
1764629233871,613,354,1
1764629233886,614,354,1
1764629233904,614,353,1
1764629233922,614,352,1
1764629233935,615,352,1
1764629233940,615,350,1
1764629233951,616,349,1
1764629233951,616,348,1
1764629233951,616,347,1
1764629233969,616,346,1
1764629233983,617,345,1
1764629233983,617,344,1
1764629234015,617,342,1
1764629234022,618,342,1
1764629234030,618,341,1
1764629234063,618,340,1
1764629234081,618,339,1
1764629236175,620,340,1
1764629236175,623,343,1
1764629236191,626,347,1
1764629236191,631,352,1
1764629236207,638,357,0
1764629236207,645,363,0
1764629236207,654,369,0
1764629236223,664,375,0
1764629236223,673,382,0
1764629236238,680,386,0
1764629236256,687,390,0
1764629236256,694,394,0
1764629236270,700,397,0
1764629236270,703,398,0
1764629236285,707,400,0
1764629236285,709,402,0
1764629236301,712,403,0
1764629236301,715,404,0
1764629236301,717,406,0
1764629236320,718,406,0
1764629236320,719,407,0
1764629236333,721,408,0
1764629236333,722,408,0
1764629236350,723,409,0
1764629236353,725,409,0
1764629236370,726,410,0
1764629236386,726,411,0
1764629236399,727,411,0
1764629236428,728,411,0
1764629236444,729,411,0
1764629236481,729,410,0
1764629236481,728,409,0
1764629236493,724,406,0
1764629236493,720,402,0
1764629236512,706,391,0
1764629236512,696,383,0
1764629236524,681,374,0
1764629236524,670,367,0
1764629236542,661,362,0
1764629236542,654,358,0
1764629236575,614,338,1
1764629236575,605,333,1
1764629236588,598,328,1
1764629236588,584,318,0
1764629236604,576,313,0
1764629236604,572,310,0
1764629236619,568,307,0
1764629236619,565,306,0
1764629236619,562,305,0
1764629236635,561,304,0
1764629236635,559,303,0
1764629236651,557,303,0
1764629236651,555,301,0
1764629236667,552,301,0
1764629236667,548,299,0
1764629236683,539,296,0
1764629236686,521,289,0
1764629236698,504,283,0
1764629236703,480,277,0
1764629236703,468,273,0
1764629236714,452,268,0
1764629236714,441,265,0
1764629236730,431,263,0
1764629236730,420,259,0
1764629236746,413,257,0
1764629236753,405,252,0
1764629236762,396,249,0
1764629236766,388,243,0
1764629237119,372,228,0
1764629237127,359,215,0
1764629237127,350,208,0
1764629237141,342,200,0
1764629237141,335,194,0
1764629237141,329,188,0
1764629237156,323,183,0
1764629237156,314,174,0
1764629237172,307,167,0
1764629237172,298,159,0
1764629237188,284,146,0
1764629237188,266,128,0
1764629237204,257,121,0
1764629237204,251,116,0
1764629237220,244,110,0
1764629237220,238,105,0
1764629237220,235,102,0
1764629237235,233,100,0
1764629237235,231,99,0
1764629237254,229,98,0
1764629237254,228,96,0
1764629237267,227,95,0
1764629237269,224,94,0
1764629237269,223,92,0
1764629237283,221,91,0
1764629237283,219,89,0
1764629237299,217,88,0
1764629237299,216,86,0
1764629237315,213,84,0
1764629237315,211,83,0
1764629237331,209,82,0
1764629237331,207,81,0
1764629237350,206,80,0
1764629237350,205,80,0
1764629237362,204,79,0
1764629237369,203,79,0
1764629237378,200,76,0
1764629237378,198,75,0
1764629237394,192,70,0
1764629237394,184,64,0
1764629237394,177,59,0
1764629237410,172,54,0
1764629237418,165,50,0
1764629237428,158,48,0
1764629237428,157,45,0
1764629237441,157,44,0
1764629237441,157,43,0
1764629237459,157,42,0
1764629237476,157,41,0
1764629237489,157,40,0
1764629237510,157,39,0
1764629237536,157,38,0
1764629237552,157,37,0
1764629237552,158,36,0
1764629237570,171,31,0
1764629237860,185,31,0
1764629237876,205,31,0
1764629237878,235,31,0
1764629237878,268,29,0
1764629237892,286,28,0
1764629237892,303,27,0
1764629237910,318,26,0
1764629237910,331,23,0
1764629237923,348,21,0
1764629237923,362,20,0
1764629237939,376,18,0
1764629237943,393,15,0
1764629237943,416,12,0
1764629237955,442,9,0
1764629237955,470,6,0
1764629237972,501,3,0
1764629237972,534,1,0
1764629237987,556,1,0
1764629237987,605,1,0
1764629238002,638,2,0
1764629238004,666,3,0
1764629238004,684,6,0
1764629238018,706,7,0
1764629238018,718,8,0
1764629238034,730,11,0
1764629238034,742,11,0
1764629238050,748,11,0
1764629238378,749,13,0
1764629238394,753,14,0
1764629238394,785,26,0
1764629238410,835,44,0
1764629238410,884,66,0
1764629238410,937,86,0
1764629238426,973,104,1
1764629238426,1002,117,1
1764629238442,1034,135,1
1764629238442,1063,152,1
1764629238458,1092,168,1
1764629238458,1119,185,1
1764629238474,1141,200,1
1764629238474,1160,212,1
1764629238484,1192,232,1
1764629238489,1214,247,1
1764629238489,1247,269,1
1764629238505,1284,294,1
1764629238505,1310,314,0
1764629238521,1345,340,0
1764629238521,1376,365,0
1764629238538,1404,388,0
1764629238538,1432,413,0
1764629238551,1447,426,0
1764629238553,1462,440,0
1764629238553,1474,450,0
1764629238587,1484,456,0
1764629238909,1503,468,0
1764629238917,1527,483,0
1764629238925,1547,490,0
1764629238934,1564,495,0
1764629238940,1577,496,0
1764629238940,1590,496,0
1764629238956,1603,496,0
1764629238956,1618,496,0
1764629238972,1634,496,0
1764629238972,1647,496,0
1764629238984,1664,497,0
1764629238988,1678,497,0
1764629239001,1692,497,0
1764629239004,1705,497,0
1764629239004,1721,498,0
1764629239019,1736,500,0
1764629239019,1742,501,0
1764629239034,1746,503,0
1764629239036,1749,504,0
1764629239036,1751,504,0
1764629239051,1752,505,0
1764629239083,1753,506,0
1764629239083,1754,506,0
1764629239099,1754,508,0
1764629239099,1756,510,0
1764629239099,1756,512,0
1764629239117,1758,515,0
1764629239117,1760,519,0
1764629239131,1761,522,0
1764629239131,1761,524,0
1764629239147,1762,525,0
1764629239147,1762,526,0
1764629239147,1762,527,0
1764629239163,1762,528,0
1764629239184,1762,529,0
1764629239606,1708,503,0
1764629239610,1698,499,0
1764629239621,1690,494,0
1764629239621,1681,490,0
1764629239621,1676,487,0
1764629239637,1667,484,0
1764629239637,1662,481,0
1764629239653,1654,478,0
1764629239653,1646,474,0
1764629239653,1634,467,0
1764629239669,1620,458,0
1764629239669,1608,453,0
1764629239685,1597,447,0
1764629239697,1580,437,0
1764629239703,1565,428,0
1764629239705,1555,422,0
1764629239717,1545,417,0
1764629239717,1538,413,0
1764629239733,1528,408,0
1764629239739,1523,405,0
1764629239739,1520,403,0
1764629239753,1517,402,0
1764629239753,1515,401,0
1764629239767,1513,400,0
1764629239783,1513,399,0
1764629239783,1512,399,0
1764629239803,1511,399,0
1764629239808,1510,398,0
1764629239817,1509,398,0
1764629239817,1509,397,0
1764629239830,1508,396,0
1764629239830,1506,396,0
1764629239843,1505,394,0
1764629239853,1504,394,0
1764629239859,1502,393,0
1764629239859,1502,392,0
1764629239859,1501,392,0
1764629239875,1500,392,0
1764629239883,1499,392,0
1764629239893,1499,391,0
1764629239893,1498,391,0
1764629239922,1497,391,0
1764629239922,1496,391,0
1764629239922,1496,390,0
1764629239938,1495,390,0
1764629239970,1495,389,0
1764629239986,1494,389,0
1764629239986,1494,388,0
1764629240002,1493,388,0
1764629240018,1492,387,0
1764629240035,1491,387,0
1764629240035,1491,386,0
1764629240049,1489,386,0
1764629240067,1488,386,0
1764629240081,1488,385,0
1764629240098,1487,384,0
1764629240114,1486,384,0
1764629240130,1486,383,0
1764629240130,1485,383,0
1764629240226,1485,382,0
1764629240259,1485,381,0
1764629240259,1485,380,0
